"N","T","alternative","reps","method","simulations","rejection","lower","upper"
50,100,FALSE,1,"CDw",500,0.06,0.0408441817627769,0.0845485537076002
50,100,FALSE,1,"CDw_plus",500,0.062,0.0425110612963855,0.0868525974791013
50,100,FALSE,30,"CDw",500,0.054,0.0358842597219337,0.0775974684949372
50,100,FALSE,30,"CDw_plus",500,0.056,0.0375304444750222,0.0799213006043601
50,100,TRUE,1,"CDw",500,0.644,0.600276004517336,0.686009857806374
50,100,TRUE,1,"CDw_plus",500,1,0.992649389948092,1
50,100,TRUE,30,"CDw",500,0.698,0.655670036677752,0.7379700225669
50,100,TRUE,30,"CDw_plus",500,1,0.992649389948092,1
100,50,FALSE,1,"CDw",500,0.056,0.0375304444750222,0.0799213006043601
100,50,FALSE,1,"CDw_plus",500,0.056,0.0375304444750222,0.0799213006043601
100,50,FALSE,30,"CDw",500,0.044,0.0277767672855717,0.0658610003235949
100,50,FALSE,30,"CDw_plus",500,0.046,0.0293801753924028,0.0682254278812379
100,50,TRUE,1,"CDw",500,0.496,0.451310742261143,0.540736812721721
100,50,TRUE,1,"CDw_plus",500,1,0.992649389948092,1
100,50,TRUE,30,"CDw",500,0.562,0.517253482503963,0.606009252357985
100,50,TRUE,30,"CDw_plus",500,1,0.992649389948092,1
